"sources","trait_code","species","norm_value","n_main","main_sources"
"Morgan 1999","surv1","Agrostis venusta","All",2,"NSWFFRDv2.1, austraits-6.0.0"
"Morgan 1999","surv1","Dichelachne crinita","All",2,"NSWFFRDv2.1, austraits-6.0.0"
"Morgan 1999","surv1","Pentapogon quadrifidus","All",2,"austraits-6.0.0, NSWFFRDv2.1"
"Morgan 1999","surv1","Themeda triandra","All",2,"austraits-6.0.0, NSWFFRDv2.1"
"Purdie Slatyer 1976","surv1","Acacia buxifolia","All",2,"NSWFFRDv2.1, austraits-6.0.0"
"Purdie Slatyer 1976","surv1","Acacia genistifolia","None",2,"NSWFFRDv2.1, austraits-6.0.0"
"Purdie Slatyer 1976","surv1","Acacia gunnii","All",2,"NSWFFRDv2.1, austraits-6.0.0"
"Purdie Slatyer 1976","surv1","Aira cupaniana","None",2,"NSWFFRDv2.1, austraits-6.0.0"
"Purdie Slatyer 1976","surv1","Astrotricha ledifolia","All",2,"NSWFFRDv2.1, austraits-6.0.0"
"Purdie Slatyer 1976","surv1","Billardiera scandens","All",2,"NSWFFRDv2.1, austraits-6.0.0"
"Purdie Slatyer 1976","surv1","Briza minor","None",2,"NSWFFRDv2.1, austraits-6.0.0"
"Purdie Slatyer 1976","surv1","Caladenia carnea","All",2,"NSWFFRDv2.1, austraits-6.0.0"
"Purdie Slatyer 1976","surv1","Caladenia cucullata","All",2,"NSWFFRDv2.1, austraits-6.0.0"
"Purdie Slatyer 1976","surv1","Cassytha pubescens","None",2,"NSWFFRDv2.1, austraits-6.0.0"
"Purdie Slatyer 1976","surv1","Chondrilla juncea","All",2,"NSWFFRDv2.1, austraits-6.0.0"
"Purdie Slatyer 1976","surv1","Chrysocephalum semipapposum","All",2,"NSWFFRDv2.1, austraits-6.0.0"
"Purdie Slatyer 1976","surv1","Cirsium vulgare","None",2,"NSWFFRDv2.1, austraits-6.0.0"
"Purdie Slatyer 1976","surv1","Crassula sieberiana","None",2,"austraits-6.0.0, NSWFFRDv2.1"
"Purdie Slatyer 1976","surv1","Cyanicula caerulea","All",2,"austraits-6.0.0, NSWFFRDv2.1"
"Purdie Slatyer 1976","surv1","Cyperus sanguinolentus","None",2,"austraits-6.0.0, NSWFFRDv2.1"
"Purdie Slatyer 1976","surv1","Daucus glochidiatus","None",2,"austraits-6.0.0, NSWFFRDv2.1"
"Purdie Slatyer 1976","surv1","Daviesia mimosoides","All",2,"austraits-6.0.0, NSWFFRDv2.1"
"Purdie Slatyer 1976","surv1","Dianella revoluta","All",2,"austraits-6.0.0, NSWFFRDv2.1"
"Purdie Slatyer 1976","surv1","Dichelachne micrantha","All",2,"austraits-6.0.0, NSWFFRDv2.1"
"Purdie Slatyer 1976","surv1","Diuris maculata","All",2,"austraits-6.0.0, NSWFFRDv2.1"
"Purdie Slatyer 1976","surv1","Epilobium billardiereanum subsp. cinereum","All",2,"austraits-6.0.0, NSWFFRDv2.1"
"Purdie Slatyer 1976","surv1","Eucalyptus dives","All",2,"austraits-6.0.0, NSWFFRDv2.1"
"Purdie Slatyer 1976","surv1","Eucalyptus macrorhyncha","All",2,"austraits-6.0.0, NSWFFRDv2.1"
"Purdie Slatyer 1976","surv1","Eucalyptus mannifera subsp. mannifera","All",2,"austraits-6.0.0, NSWFFRDv2.1"
"Purdie Slatyer 1976","surv1","Eucalyptus rossii","All",2,"austraits-6.0.0, NSWFFRDv2.1"
"Purdie Slatyer 1976","surv1","Euchiton involucratus","None",2,"austraits-6.0.0, NSWFFRDv2.1"
"Purdie Slatyer 1976","surv1","Exocarpos cupressiformis","All",2,"austraits-6.0.0, NSWFFRDv2.1"
"Purdie Slatyer 1976","surv1","Glossodia major","All",2,"austraits-6.0.0, NSWFFRDv2.1"
"Purdie Slatyer 1976","surv1","Gonocarpus tetragynus","All",2,"austraits-6.0.0, NSWFFRDv2.1"
"Purdie Slatyer 1976","surv1","Grevillea alpina","All",2,"austraits-6.0.0, NSWFFRDv2.1"
"Purdie Slatyer 1976","surv1","Hardenbergia violacea","All",2,"austraits-6.0.0, NSWFFRDv2.1"
"Purdie Slatyer 1976","surv1","Hibbertia calycina","All",2,"austraits-6.0.0, NSWFFRDv2.1"
"Purdie Slatyer 1976","surv1","Hibbertia obtusifolia","All",2,"austraits-6.0.0, NSWFFRDv2.1"
"Purdie Slatyer 1976","surv1","Hypochaeris glabra","None",2,"austraits-6.0.0, NSWFFRDv2.1"
"Purdie Slatyer 1976","surv1","Hypochaeris radicata","All",2,"austraits-6.0.0, NSWFFRDv2.1"
"Purdie Slatyer 1976","surv1","Indigofera australis","All",2,"austraits-6.0.0, NSWFFRDv2.1"
"Purdie Slatyer 1976","surv1","Juncus capitatus","None",2,"austraits-6.0.0, NSWFFRDv2.1"
"Purdie Slatyer 1976","surv1","Lactuca serriola","None",2,"austraits-6.0.0, NSWFFRDv2.1"
"Purdie Slatyer 1976","surv1","Leptospermum multicaule","All",2,"austraits-6.0.0, NSWFFRDv2.1"
"Purdie Slatyer 1976","surv1","Leucopogon fletcheri subsp. brevisepalus","All",2,"austraits-6.0.0, NSWFFRDv2.1"
"Purdie Slatyer 1976","surv1","Linaria pelisseriana","None",2,"austraits-6.0.0, NSWFFRDv2.1"
"Purdie Slatyer 1976","surv1","Lolium rigidum","None",2,"austraits-6.0.0, NSWFFRDv2.1"
"Purdie Slatyer 1976","surv1","Lomandra filiformis","All",2,"austraits-6.0.0, NSWFFRDv2.1"
"Purdie Slatyer 1976","surv1","Lomandra longifolia","All",2,"austraits-6.0.0, NSWFFRDv2.1"
"Purdie Slatyer 1976","surv1","Microtis parviflora","All",2,"austraits-6.0.0, NSWFFRDv2.1"
"Purdie Slatyer 1976","surv1","Oxalis corniculata","All",2,"austraits-6.0.0, NSWFFRDv2.1"
"Purdie Slatyer 1976","surv1","Parentucellia latifolia","None",2,"austraits-6.0.0, NSWFFRDv2.1"
"Purdie Slatyer 1976","surv1","Pimelea linifolia","None",2,"austraits-6.0.0, NSWFFRDv2.1"
"Purdie Slatyer 1976","surv1","Poranthera microphylla","None",2,"austraits-6.0.0, NSWFFRDv2.1"
"Purdie Slatyer 1976","surv1","Prasophyllum brevilabre","All",2,"austraits-6.0.0, NSWFFRDv2.1"
"Purdie Slatyer 1976","surv1","Pterostylis parviflora","All",2,"austraits-6.0.0, NSWFFRDv2.1"
"Purdie Slatyer 1976","surv1","Pultenaea procumbens","All",2,"austraits-6.0.0, NSWFFRDv2.1"
"Purdie Slatyer 1976","surv1","Rytidosperma pallidum","All",2,"austraits-6.0.0, NSWFFRDv2.1"
"Purdie Slatyer 1976","surv1","Rytidosperma pilosum","All",2,"austraits-6.0.0, NSWFFRDv2.1"
"Purdie Slatyer 1976","surv1","Senecio quadridentatus","None",2,"austraits-6.0.0, NSWFFRDv2.1"
"Purdie Slatyer 1976","surv1","Solanum nigrum","None",2,"austraits-6.0.0, NSWFFRDv2.1"
"Purdie Slatyer 1976","surv1","Stylidium graminifolium","All",2,"austraits-6.0.0, NSWFFRDv2.1"
"Purdie Slatyer 1976","surv1","Thelymitra pauciflora","All",2,"austraits-6.0.0, NSWFFRDv2.1"
"Purdie Slatyer 1976","surv1","Thysanotus patersonii","All",2,"austraits-6.0.0, NSWFFRDv2.1"
"Purdie Slatyer 1976","surv1","Vulpia bromoides","None",2,"austraits-6.0.0, NSWFFRDv2.1"
