Source,ref_code
"Enright, N.J., Goldblum, D., Ata, P., & Ashton, D.H. (1997) The independent effects of heat, smoke and ash on emergence of seedlings from the soil seed bank of a heathy Eucalyptus woodland in Grampians (Gariwerd) National Park, western Victoria. Australian Journal of Ecology 22:81-8. Enright, N.J., & Kintrup, A. (2001) Effects of smoke, heat and charred wood on the germination of dormant soil-stored seeds from a Eucalyptus baxteri heathy-woodland in Victoria, SE Australia. Austral Ecology 26:132-41. [Info]",Enright Goldblum Ata Ashton 1997
"Keith, D.A. (1991). Coexistance and species diversity in upland swamp vegetation: The roles of an environmental gradient and recurring fires. A thesis. Biological Sciences, Sydney University. [Info]",Keith 1991
"Kirkpatrick, J.B. & Dickinson, K.J.M. (1984) The impact of fire on Tasmanian alpine vegetation and soils. Aust.J.Botany 32:613-29 (61) / Kirkpatrick, J.B. Bridle, K.L. & Wild, A.S. (2002) Succession after fire in alpine vegetation on Mount Wellington, Tasmania. Aust.J.Botany 50:145-54 (61b) [Info]",Kirkpatrick 1984
"Lunt, I.D. (1995) Seed longevity of six native forbs in a closed Themeda triandra grassland. Aust.J.Botany 43:439-49 [Info]",Lunt 1995
"Morgan, J.W. (1996) Secondary juvenile period and community recovery following late-spring burning of a kangaroo grass Themeda triandra grassland. Vic. Nat 113(2):47-57 [Info]",Morgan 1996
"Morris, E.C. (2000) Germination response of seven east Australian Grevillea species (Proteaceae) to smoke, heat exposure and scarification. Australian Journal of Botany, 48, 179-189. Morris, E.C., & Wood, P.D. (2001) The soil seed bank of Cumberland Plain Woodland. Poster presented at ESA 2001, University of Wollongong. [Info]",Morris 2000
"Morrison, D.A. et al (1995) Effects of fire frequency on plant species compostition of sandstone communities in the Sydney region: Inter-fire interval and time-since-fire. Aust.J.Ecology 20:239-247 / Cary, G.J. & Morrison, D.A. (1995) Effects of fire frequency on plant species composition of sandstone communities in the Sydney region: Combinations of inter-fire intervals. Aust.J.Ecology 20:418-426 [Info]",Morrison 1995
"Morrison, D.A. & Renwick, J.A. (2000) Effects of variation in fire intensity on regeneration of co-occurring species of small trees in the Sydney region. Aust.J.Botany 48:71-79 [Info]",Morrison Renwick 2000
"Myerscough, P.J., Clarke, P.J. & Skelton, N.J. (1995) Plant coexistence in coastal heaths: Floristic patterns and species attributes Aust.J.Ecology 20:482-493. Data compiled by D.Keith (Keith, D.A., McCaw, W.L. & Whelan, R.J. (2002) pp. 199-237 in ""Flammable Australia: The fire regimes and biodiversity of a continent"" Ed. R.A. Bradstock, J.E. Williams & M.A. Gill. Cambridge University Press, Cambridge) [Info]",Myerscough Clarke Skelton 1995
"Purdie, R.W. (1977). Early stages of regeneration after burning in dry sclerophyll vegetation. 1. Regeneration of the understorey by vegetative means. Aust.J.Bot. 25, 21-34. & Purdie, R.W. (1977). Early stages of regeneration after burning in dry sclerophyll vegetation. 2. Regeneration by seed germination. Aust.J.Bot. 25, 35-46. [Info]",Purdie 1977
"Purdie, Rosemary W.; Slatyer, R. O. (1976) {Vegetation succession after fire in sclerophyll woodland communities in south-eastern Australia} Australian Journal of Ecology 1 [Info]",Purdie Slatyer 1976
"Read, T.R., & Bellairs, S.M. (1999) Smoke affects the germination of native grasses of New South Wales. Australian Journal of Botany 47:563-76. Read, T.R., Bellairs, S.M., Mulligan, D.R., & Lamb, D. (2000) Smoke and heat effects on soil seed bank germination for the re-establishment of a native forest community in New South Wales. Austral Ecology 25:48-57. Wills, T.J., & Read, J. (2002) Effects of heat and smoke on germination of soil-stored seed in a south-eastern Australian sand heathland. Australian Journal of Botany 50:197-206. [Info]",Read Bellairs 1999
"Rice, B. & Westoby, M. (1981) Myrmecochory in sclerophyll vegetation of the West Head, New South Wales. Aust.J.Ecology 6:291-8. / French, K. & Westoby, M. (1996) Vertebrate-dispersed species in a fire-prone environment. Aust.J.Ecology 21:379-85 / Westoby, M. Rice, B. & Howell, J. (1990) Seed size and plant growth form as factors in dispersal spectra. Ecology 71:1307-1315 [Info]",Rice Westoby 1981
"Russell, R.P. & Parsons, R.F. (1978) Effects of time since fire on heath floristics at Wilson's Promontory, Southern Australia. Aust.J.Botany 26:53-61 [Info]",Russell Parsons 1978
"Russell-Smith, J., Ryan, P.G., Klessa, D., Waight, G. and Harwood, R. (in press) Fire frequency and fire-sensitive vegetation of the sandstone Arnhem Plateau, monsonal northern Australia: application of a remotely-sensed fire history. [Info]",Russell-Smith Ryan Klessa Waight Harwood
"Russell-Smith, J., Ryan, P.G., Klessa, D., Waight, G. & Harwood, R. (1998) Fire regimes, fire-sensitive vegetation and fire management of the sandstone Arnhem Plateau, monsoonal northern Australia. J.Appl.Ecology 35:829-46 [Info]",Russell-Smith Ryan Klessa Waight Harwood 1998
"Specht, R.L., Rayson, P.R. & Jackman, M.E. (1958) Dark Island Heath (Ninety-mile Plain, South Australia) VI. Pyric succession: Changes in composition, coverage, dry weight, and mineral nutrient status. Aust.J.Botany 6:59-88 [Info]",Specht Rayson Jackman 1958
"Tierney, D.A. (2006). The effect of fire-related germination cues on the germination of a declining forest understorey species. [Info]",Tierney 2006
"Van der Moezel, P.G., Loneragan, W.A. and Bell, D.T. (1987). Northern sandplain kwongan: regeneration following fire, juvenile period and flowering phenology. J.Roy.Soc.West.Aust. 69, 123-32. [Info]",Van Moezel Loneragan Bell 1987
"Wark, M.C. (1997) Regeneration of some forest and gully communities in the Angahook-Lorne State Park (north-eastern Otway Ranges) 1-10 years after the wildfire of February 1983. Proc.Roy.Soc.Vic. 109, 7-36. [Info]",Wark 1997
"Wark, M.C., White, M.D., Robertson, D.J. and Marriott, P.F. (1987). Regeneration of heath and heath woodland in the north-eastern Otway Ranges following the wildfire of February 1983. Proc.Roy.Soc.Vic. 99, 51-88. [Info]",Wark White Robertson Marriott 1987
"Williams, P.R. (2000) Fire-stimulated rainforest seedling recruitment and vegetative regeneration in a densely grassed wet sclerophyll forest of north-eastern Australia. Aust.J.Botany 48:651-658 [Info]",Williams 2000
"Williams, R.J. & Ashton, D.H. (1988) Cyclical patterns of regeneration in subalpine heathland communitites on the Bogong High Plains, Victoria. Aust.J.Botany 36:605-619 [Info]",Williams Ashton 1988
"Williams, P.R., Congdon, R.A., Grice, A.C., Clarke, P.J. (2003) Fire-related cues break seed dormancy of six legumes of tropical eucalypt savannas in north-eastern Australia. Austral Ecology. 28: 507-514 [Info]",Williams Congdon Grice Clarke 2003
"Wills, T. J. & Read, J. (2007). Soil seed bank dynamics in post-fire heathland succession in south-eastern Australia. Plant Ecology 190(1): 1-12. [Info]",Wills Read 2007
"Wright, Boyd R. & Clarke, Peter J. (2007) Resprouting responses of Acacia shrubs in the Western Desert of Australia - fire severity, interval and season influence survival. International Journal of Wildland Fire. 16(3). 2007. 317-323. [Info]",Wright Boyd Clarke Peter 2007
