species,myrmecochore_status
Psilotum nudum (L.) Griseb.,unmarked
Lycopodium species 1,unmarked
Athyrium assimile (Endl.) Presl.,unmarked
Blechnum cartilagineum Sw.,unmarked
Histiopteris incisa (Thunb.) J. Sm.,unmarked
Pteridium esculentum (Forst. f.) Cockayne,unmarked
Culcita dubia (R.Br.) Maxon,unmarked
Gleichenia dicarpa R.Br.,unmarked
Gleichenia microphylla R.Br.,unmarked
Gleichenia rupestris R.Br.,unmarked
Lindsaea linearis Sw.,unmarked
Lindsaea microphylla Sw.,unmarked
Schizaea dichotoma (L.) Sm.,unmarked
Caustis flexuosa R.Br.,unmarked
Caustis pentandra R.Br.,unmarked
Chorizandra sp.,unmarked
Cyathochaeta diandra Nees,unmarked
Gahnia aspera (R.Br.) Spreng.,unmarked
Gahnia clarkei Benl,unmarked
Gahnia erythrocarpa R.Br.,unmarked
Gahnia sieberana Kunth,unmarked
Gahnia sp. 1,unmarked
Gymnoschoenus sphaerocephalus (R.Br.) Hook.f.,unmarked
Lepidosperma elatius Labill.,star
Lepidosperma filiforme Labill.,dagger
Lepidosperma flexuosum Labill.,dagger
Lepidosperma laterale R.Br.,dagger
Lepidosperma lineare R.Br.,dagger
Lepidosperma urophorum N. Wakefield,dagger
Lepidosperma viscidum R.Br.,dagger
Ptilanthelium deusteum (R.Br.) Kukenth.,unmarked
Schoenus apogon Roem. et Schult.,unmarked
Schoenus brevifolius R.Br.,unmarked
Schoenus ericetorum R.Br.,unmarked
Schoenus melanostachys R.Br.,unmarked
Schoenus turbinatus (R.Br.) Poir.,dagger
Haemodorum sp. 1,unmarked
Libertia paniculata (R.Br.) Spreng.,unmarked
Patersonia glabrata R.Br.,star
Patersonia longifolia R.Br.,star
Patersonia sericea R.Br.,star
Blandfordia nobilis Sm.,unmarked
Burchardia umbellata R.Br.,unmarked
Caesia vittata R.Br.,star
Dianella caerulea Sims,unmarked
Dianella laevis R.Br.,unmarked
Laxmannia gracilis R.Br.,unmarked
Schelhammera undulata R.Br.,star
Acianthus sp.,unmarked
Caleana minor R.Br.,unmarked
Dendrobium linguiforme Swartz,unmarked
Glossodia minor R.Br.,unmarked
Pterostylis acuminata R.Br.,unmarked
Thelymitra media R.Br.,unmarked
Orchid sp. 1,unmarked
Livistona australis (R.Br.) Mart.,unmarked
Anisopogon avenaceus R.Br.,unmarked
Aristida vagans Cav.,unmarked
Entolasia stricta (R.Br.) Hughes,unmarked
Eragrostis brownii Nees ex Steud.,unmarked
Imperata cylindrica (L.) Beauv.,unmarked
Panicum simile Domin,unmarked
Panicum sp. 1,unmarked
Stipa pubescens R.Br.,unmarked
Themeda australis (R.Br.) Stapf.,unmarked
Calorophus minor Hook.F.,unmarked
Hypolaena fastigiata R.Br.,unmarked
Leptocarpus tenax (Labill.) R.Br.,unmarked
Lepyrodia anarthria F. Muell. ex Benth.,unmarked
Lepyrodia scariosa R.Br.,unmarked
Restio complanatus R.Br.,unmarked
Restio dimorphus R.Br.,unmarked
Restio fastigiatus R.Br.,unmarked
Restio pallens R.Br.,unmarked
Smilax glyciphylla Sm.,unmarked
Lomandra brevis Lee,unmarked
Lomandra confertifolia (F.M. Bailey) Fahn.,unmarked
Lomandra filiformis (Thunb.) J. Britt.,unmarked
Lomandra glauca (R.Br.) Ewart,unmarked
Lomandra gracilis (R.Br.) Lee,dagger
Lomandra longifolia Labill.,dagger
Lomandra multiflora (R.Br.) J. Britt.,unmarked
Lomandra obliqua (Thunb.) MacBride,unmarked
Lomandra sp. 1,unmarked
Xanthorrhoea arborea R.Br.,unmarked
Xanthorrhoea media R.Br.,unmarked
Xyris gracilis R.Br.,unmarked
Xyris juncea R.Br.,unmarked
Xyris operculata Labill.,unmarked
Gomphocarpus fruticosus L.,unmarked
Bauera rubioides Andr.,unmarked
Cassytha glabella R.Br.,unmarked
Cassytha pubescens R.Br.,unmarked
Casuarina distyla Vent.,unmarked
Casuarina littoralis Salisb.,unmarked
Casuarina torulosa Ait.,unmarked
Olearia tomentosa (Wendl.) DC.,unmarked
Sonchus oleraceus L.,unmarked
Verononia cinereas Less.,unmarked
Ceratopetalum gummiferum Sm.,unmarked
Hibbertia astrotricha (Sieb. ex Spreng.) N.A. Wakefield,star
Hibbertia bracteata (R.Br. ex DC.) Benth.,star
Hibbertia dentata R.Br. ex DC.,dagger
Hibbertia fasciculata R.Br. ex DC.,star
Hibbertia linearis R.Br. ex DC.,star
Hibbertia stricta (R.Br. ex DC.) F. Muell.,star
Drosera binata Labill.,unmarked
Drosera peltata Sm. ex Willd.,unmarked
Drosera spathulata Labill.,unmarked
Elaeocarpus reticulatus Sm.,unmarked
Brachyloma daphnoides (Sm.) Benth.,star
Epacris longiflora Cav.,unmarked
Epacris microphylla R.Br.,unmarked
Epacris obtusifolia Sm.,unmarked
Epacris pulchella Cav.,unmarked
Leucopogon amplexicaule (Rudge) R.Br.,dagger
Leucopogon appressus R.Br.,dagger
Leucopogon esquamatus R.Br.,star
Leucopogon juniperinus R.Br.,dagger
Leucopogon microphyllus R.Br.,dagger
Leucopogon setiger R.Br.,dagger
Monotoca scoparia (Sm.) R.Br.,star
Sprengelia incarnata Sm.,unmarked
Styphelia triflora Andr.,unmarked
Styphelia tubiflora Sm.,unmarked
Woollsia pungens (Cav.) F. Muell.,unmarked
Amperea xiphoclada (Sieb. ex Spreng.) Druce,unmarked
Micrantheum ericoides Desf.,star
Phyllanthus thymoides J. Muell.,unmarked
Poranthera microphylla Brongn.,dagger
Ricinocarpus pinifolius Desf.,star
Dampiera purpurea R.Br.,unmarked
Dampiera stricta (Sm.) R.Br.,unmarked
Goodenia dimorpha Maiden et Betche,dagger
Goodenia hederacea Sm.,dagger
Goodenia stelligera R.Br.,dagger
Goodenia sp. 1,dagger
Haloragis tetragyna (Labill.) Hook. f.,unmarked
Haloragis teucrioides (DC.) Schlect.,unmarked
Hemigenia purpurea R.Br.,unmarked
Scutellaria mollis R.Br.,unmarked
Ultricularia dichotoma Labill.,unmarked
Mitrasacme polymorpha R.Br.,unmarked
Synoum glandulosum (Sm.) A. Juss.,unmarked
Acacia longifolia (Andrews) Willd.,star
Acacia myrtifolia (Sm.) Willd.,star
Acacia oxycedrus Sieb. ex DC.,star
Acacia suaveolens (Sm.) Willd.,star
Acacia botrycephala (Vent.) Desf.,star
Acacia ulicifolia (Salisb.) Court,dagger
Acacia sp. 1,dagger
Ficus rubiginosa Desf. ex Vent.,unmarked
Rapanea variabilis Mez.,unmarked
Angophora cordifolia Cav.,unmarked
Angophora costata (Gaertn.) Druce,unmarked
Angophora floribunda (Sm.) Sweet,unmarked
Baeckea brevifolia Sieb. ex DC.,unmarked
Baeckea diosmifolia Rudge,unmarked
Baeckea imbricata (Gaertn.) Druce,unmarked
Callistemon sp. 1,unmarked
Calytrix tetragona Labill.,unmarked
Darwinia fascicularis Rudge,unmarked
Eucalyptus capitellata Sm.,unmarked
Eucalyptus globoidea Blakely,unmarked
Eucalyptus gummifera (Gaertn.) Hochr.,unmarked
Eucalyptus haemostoma Sm.,unmarked
Eucalyptus multicaulis Blakely,unmarked
Eucalyptus pellita F. Muell.,unmarked
Eucalyptus piperita Sm.,unmarked
Eucalyptus punctata DC.,unmarked
Eucalyptus sieberi L. Johnson,unmarked
Eucalyptus umbra R.T. Blake,unmarked
Kunzea ambigua (Sm.) Druce,unmarked
Kunzea capitata Reichb.,unmarked
Leptospermum arachnoides Gaertn.,unmarked
Leptospermum attenuatum Sm.,unmarked
Leptospermum flavescens Sm.,unmarked
Leptospermum juniperinum Sm.,unmarked
Leptospermum lanigerum (Ait.) Sm.,unmarked
Leptospermum parvifolium Sm.,unmarked
Leptospermum squarrosum Sol. ex Gaertn.,unmarked
Syncarpia glomulifera (Sm.) Niedenzu,unmarked
Olax stricta R.Br.,unmarked
Aotus ericoides (Vent.) G. Don,unmarked
Bossiaea heterophylla Vent.,star
Bossiaea scolopendria Sm.,star
Dillwynia floribunda Sm.,star
Dillwynia retorta (Wendl.) Druce,star
Dillwynia rudis Sieb. ex DC.,star
Glycine clandestina Wendl.,unmarked
Gompholobium glabratum Sieb. ex DC.,star
Gompholobium grandiflorum Sm.,star
Gompholobium latifolium Sm.,star
Gompholobium virgatum Sieb. ex DC.,star
Hardenbergia violacea (Schneev.) Stearn,star
Hovea linearis R.Br.,star
Kennedia rubincuda Vent.,star
Mirbelia rubiifolia (Andr.) G. Don,star
Phyllota grandiflora Benth.,dagger
Phyllota phylicoides (Sieb. ex DC.) Benth.,star
Phyllota squarrosa (Sieb. ex. DC.) Benth.,dagger
Platylobium formosum Sm.,star
Pultenea daphnoides Wendl.,star
Pultenea elliptica Sm.,star
Pultenea ferruginea var. deanei (R.T. Baker) Williamson,star
Eustrephus latifolius R.Br.,unmarked
Billardiera scandens Sm.,unmarked
Pittosporum undulatum Vent.,unmarked
Comesperma ericinum DC.,unmarked
Comesperma volubile Labill.,unmarked
Banksia aspleniifolia Salisb.,unmarked
Banksia ericifolia L.,unmarked
Banksia integrifolia L.,unmarked
Banksia marginata Cav.,unmarked
Banksia robur Cav.,unmarked
Banksia serrata L.f.,unmarked
Banksia spinulosa Sm.,unmarked
Conospermum ericifolium Sm.,unmarked
Conospermum longifolium Sm.,unmarked
Conospermum taxifolium Sm.,unmarked
Grevillea buxifolia (Sm.) R.Br.,star
Grevillea punicea R.Br.,star
Grevillea sericea (Sm.) R.Br.,star
Hakea dactyloides (Gaertn.) Cav.,unmarked
Hakea gibbosa Cav.,unmarked
Hakea propinqua A. Cunn.,unmarked
Hakea sericea Schrad.,unmarked
Hakea teretifolia (Salisb.) J. Britten,unmarked
Isopogon anemonifolius (Salisb.) Knight,unmarked
Isopogon anethifolius (Salisb.) Knight,unmarked
Lambertia formosa Sm.,unmarked
Lomatia silaifolia (Sm.) R.Br.,unmarked
Persoonia hirsuta Pers.,unmarked
Persoonia lanceolata Andr.,unmarked
Persoonia levis (Cav.) Domin,unmarked
Persoonia linearis Andr.,unmarked
Persoonia pinifolia R.Br.,unmarked
Persoonia sp. 1,unmarked
Petrophile fucifolia (Salisb.) Knight,unmarked
Symphionema paludosum R.Br.,unmarked
Telopea speciosissima R.Br.,unmarked
Xylomelum pyriforme Sm.,unmarked
Clematis glycinoides DC.,unmarked
Cryptandra ericifolia Sm.,star
Pomaderris aspera Sieb. ex DC.,star
Galium sp. 1,unmarked
Pomax umbellata (Gaertn.) Soland. ex A. Rich. Mig.,dagger
Boronia fraseri Hook.,star
Boronia ledifolia (Vent.) J. Gray,star
Boronia parviflora Sm.,star
Boronia pinnata Sm.,star
Boronia serrulata Sm.,star
Crowea saligna Andr.,star
Eriostemon australasius Pers.,star
Phebalium squamulosum Vent.,star
Philotheca salsolifolia (Sm.) Druce,star
Ziera laevigata Sm.,dagger
Choretrum candollei F. Muell. ex Benth.,unmarked
Leptomeria acida R.Br.,unmarked
Omphacomeria acerba (R.Br.) A. DC.,unmarked
Dodonea pinnata Sm.,unmarked
Dodonea triquetra Wendl.,star
Veronica calycina R.Br.,unmarked
Lasiopetalum ferrugineum Sm.,star
Stylidium graminifolium Swartz ex Willd.,unmarked
Stylidium lineare Swartz,unmarked
Pimelea glauca R.Br.,unmarked
Tetratheca ericifolia Sm.,star
Tetratheca pilosa Labill.,star
Actinotus helianthi DC.,unmarked
Actinotus minor (Sm.) DC.,star
Hydrocotyle acutiloba (F. Muell.) Wakefield,unmarked
Oreomyrrhis eriopoda (DC.) Hook. f.,unmarked
Platysace lanceolata (Labill.) Druce,unmarked
Platysace linearifolia (Cav.) C. Norman,unmarked
Xanthosia pilosa Rudge,star
Xanthosia tridentata DC.,star
Clerodendrum tomentosum R.Br.,unmarked
Hybanthus vernonii F. Muell.,star
