Family,Taxon,Habitat,Fire response,Seedlings
Araliaceae,Astrotricha longifolia s.l.,Shrubby open forest,Resprouts*,
Araliaceae,Polyscias sambucifolia,Shrubby open forest,Resprouts,N
Asteraceae,Cassinia laevis,Grassy open forest,Obligate seeder,N
Asteraceae,Cassinia leptocephala,Grassy open forest,Obligate seeder,N
Asteraceae,Cassinia quinquefaria,Shrubby open forest/grassy open forest,Obligate seeder,N
Asteraceae,Olearia myrsinoides,Shrubby open forest/grassy open forest,Resprouts,N
Asteraceae,Olearia rosmarinifolia,Grassy open forest,Resprouts*,
Asteraceae,Olearia sp. aff. elliptica,Shrubby open forest/grassy open forest,Resprouts,N
Asteraceae,Olearia viscidula,Grassy open forest,Resprouts,N
Asteraceae,Ozothamnus adnatus,Grassy open forest,Resprouts,
Asteraceae,Ozothamnus diosmifolius,Shrubby open forest/grassy open forest,Resprouts,N
Asteraceae,Ozothamnus obcordatus,Rocky outcrop,Obligate seeder,Y
Asteraceae,Ozothamnus obcordatus (grassy ecotype),Grassy open forest,Resprouts,N
Casuarinaceae,Allocasuarina brachystachya,Rocky outcrop,Obligate seeder*,
Casuarinaceae,Allocasuarina rigida ssp. rigida,Rocky outcrop,Obligate seeder*,
Celastraceae,Maytenus silvestris,Shrubby open forest,Resprouts,
Chloanthaceae,Chloanthes parviflora,Rocky outcrop,Obligate seeder,Y
Cupressaceae,Callitris oblonga ssp. parva,Shrubby open forest,Obligate seeder,Y
Dilleneaceae,Hibbertia acicularis,Wet heath/rocky outcrops,Resprouts,N
Dilleneaceae,Hibbertia cistoidea,Shrubby open forest,Resprouts,N
Dilleneaceae,Hibbertia linearis,Grassy open forest,Resprouts,N
Dilleneaceae,Hibbertia obtusifolia,Shrubby open forest/grassy open forest,Resprouts,N
Dilleneaceae,Hibbertia riparia,Wet heath/shrubby open forest,Resprouts,N
Dilleneaceae,Hibbertia riparia (stellate hairs ecotype),Grassy open forest,Resprouts,N
Dilleneaceae,Hibbertia serpyllifolia,Shrubby open forest,Resprouts,N
Dilleneaceae,Hibbertia sp. B (outcrop ecotype),Rocky outcrop,Obligate seeder*,Y
Dilleneaceae,Hibbertia vestita,Wet heath,Resprouts,N
Epacridaceae,Acrotriche aggregata,Shrubby open forest,Resprouts,N
Epacridaceae,Brachyloma daphnoides ssp. glabrum,Shrubby open forest,Resprouts,N
Epacridaceae,Brachyloma saxicola,Rocky outcrop,Obligate seeder,Y
Epacridaceae,Epacris breviflora,Wet heath,Resprouts,
Epacridaceae,Epacris microphylla,Shrubby open forest/wet heath,Resprouts,N
Epacridaceae,Epacris obtusifolia,Wet heath,Obligate seeder,Y
Epacridaceae,Leucopogon attenuatus,Shrubby open forest,Resprouts,N
Epacridaceae,Leucopogon biflorus,Shrubby open forest/rocky outcrop,Obligate seeder,N
Epacridaceae,Leucopogon hookeri,Grassy open forest,Resprouts,N
Epacridaceae,Leucopogon lanceolatus var. lanceolatus,Shrubby open forest/grassy open forest,Resprouts,N
Epacridaceae,Leucopogon melaleucoides,Shrubby open forest,Resprouts,N
Epacridaceae,Leucopogon microphyllus var. pilibundus,Shrubby open forest/rocky outcrops,Variable,N
Epacridaceae,Leucopogon muticus,Shrubby open forest/rocky outcrops,Obligate seeder,
Epacridaceae,Leucopogon neo-anglicus,Rocky outcrop/shrubby open forest,Obligate seeder,Y
Epacridaceae,Leucopogon virgatus,Shrubby open forest,Resprouts,
Epacridaceae,Lissanthe strigosa,Shrubby open forest/grassy open forest,Resprouts,N
Epacridaceae,Melichrus erubescens,Shrubby open forest,Obligate seeder,
Epacridaceae,Melichrus procumbens,Shrubby open forest,Resprouts,N
Epacridaceae,Melichrus urceolatus,Shrubby open forest/grassy open forest,Resprouts,N
Epacridaceae,Monotoca scoparia,Shrubby open forest/grassy open forest,Resprouts,N
Epacridaceae,Sprengelia incarnata,Wet heath,Obligate seeder,Y
Epacridaceae,Styphelia triflora,Shrubby open forest,Obligate seeder,N
Euphorbiaceae,Amperea xiphoclada var. xiphoclada,Shrubby open forest,Resprouts,N
Fabaceae,Acacia betchei,Shrubby open forest,Obligate seeder,S
Fabaceae,Acacia burbidgeae,Shrubby open forest,Obligate seeder,S
Fabaceae,Acacia buxifolia ssp. pubiflora,Shrubby open forest,Resprouts,N
Fabaceae,Acacia dealbata,Grassy open forest,Obligate seeder,N
Fabaceae,Acacia falciformis,Shrubby open forest,Resprouts,Y
Fabaceae,Acacia filicifolia,Grassy open forest,Resprouts/variable,N
Fabaceae,Acacia fimbriata,Grassy open forest/shrubby open forest,Obligate seeder,Y
Fabaceae,Acacia granitica,Rocky outcrop,Obligate seeder,Y
Fabaceae,Acacia gunnii,Shrubby open forest/grassy open forest,Resprouts*,
Fabaceae,Acacia hispidula,Rocky outcrops,Obligate seeder*,
Fabaceae,Acacia implexa,Shrubby open forest/grassy open forest,Resprouts,
Fabaceae,Acacia juncifolia,Shrubby open forest,Resprouts*,
Fabaceae,Acacia latisepala,Rocky outcrops,Obligate seeder,Y
Fabaceae,Acacia longifolia,Shrubby open forest,Obligate seeder,Y
Fabaceae,Acacia macnuttiana,Shrubby open forest,Obligate seeder (75%),Y
Fabaceae,Acacia obtusifolia,Shrubby open forest,Obligate seeder,
Fabaceae,Acacia penninervis,Shrubby open forest,Resprouts*,
Fabaceae,Acacia pruinosa,Shrubby open forest,Resprouts,N
Fabaceae,Acacia torringtonensis,Shrubby open forest/rocky outcrop,Obligate seeder,Y
Fabaceae,Acacia triptera,Shrubby open forest/rocky outcrop,Obligate seeder*,
Fabaceae,Acacia ulicifolia,Shrubby open forest/grassy open forest,Obligate seeder*,
Fabaceae,Acacia venulosa,Rocky outcrop/shrubby open forest,Obligate seeder,Y
Fabaceae,Acacia viscidula,Rocky outcrop,Obligate seeder,Y
Fabaceae,Acacia williamsiana,Rocky outcrop,Obligate seeder*,
Fabaceae,Almaleea cambagei,Wet heath,Resprouts,N
Fabaceae,Aotus subglauca var. subglauca,Shrubby open forest,Resprouts,N
Fabaceae,Bossiaea neo-anglica,Shrubby open forest,Resprouts,Y
Fabaceae,Bossiaea obcordata,Shrubby open forest,Resprouts,N
Fabaceae,Bossiaea rhombifolia,Shrubby open forest/rocky outcrops,Obligate seeder*,
Fabaceae,Bossiaea scortechinii,Shrubby open forest,Resprouts,Y
Fabaceae,Daviesia acicularis,Rocky outcrop,Obligate seeder,
Fabaceae,Daviesia genistifolia,Grassy open forest,Resprouts*,
Fabaceae,Daviesia latifolia,Shrubby open forest/grassy open forest,Obligate seeder/variable,N
Fabaceae,Daviesia mimosoides ssp. mimosoides,Shrubby open forest,Resprouts,
Fabaceae,Daviesia ulicifolia,Shrubby open forest,Obligate seeder,
Fabaceae,Daviesia umbellulata,Shrubby open forest,Obligate seeder,Y
Fabaceae,Dillwynia phylicoides var. phylicoides,Shrubby open forest,Resprouts,Y
Fabaceae,Dillwynia sieberi (grassland ecotype),Grassy open forest,Resprouts*,
Fabaceae,Dillwynia sericea,Shrubby open forest,Obligate seeder,
Fabaceae,Dillwynia sieberi,Shrubby open forest,Obligate seeder,
Fabaceae,Gompholobium huegelii,Shrubby open forest,Obligate seeder,
Fabaceae,Hardenbergia violacea,Shrubby open forest/grassy open forest,Resprouts,Y
Fabaceae,Hovea apiculata,Rocky outcrop,Obligate seeder,
Fabaceae,Hovea graniticola,Rocky outcrop,Obligate seeder,Y
Fabaceae,Hovea linearis (heterophylla),Shrubby open forest/grassy open forest,Resprouts,
Fabaceae,Indigofera adesmiifolia,Shrubby open forest/grassy open forest,Resprouts,N
Fabaceae,Indigofera australis,Rocky outcrop/shrubby open forest,Resprouts,N
Fabaceae,Jacksonia scoparia,Shrubby open forest/grassy open forest,Resprouts,N
Fabaceae,Mirbelia pungens,Rocky outcrop,Obligate seeder,
Fabaceae,Mirbelia rubiifolia,Shrubby open forest,Resprouts,
Fabaceae,Mirbelia speciosa ssp. speciosa,Rocky outcrop,Obligate seeder,Y
Fabaceae,Phyllota phylicoides,Wet heath,Resprouts,
Fabaceae,Podolobium arborescens,Shrubby open forest/rocky outcrops,Obligate seeder (75%),Y
Fabaceae,Podolobium ilicifolium,Grassy open forest,Resprouts,N
Fabaceae,Pultenaea campbellii,Grassy open forest,Resprouts,N
Fabaceae,Pultenaea microphylla,Grassy open forest,Resprouts,N
Fabaceae,Pultenaea pycnocephala,Shrubby open forest,Obligate seeder,
Fabaceae,Pultenaea stuartiana,Shrubby open forest,Resprouts,Y
Lamiaceae,Prostanthera nivea var. nivea,Rocky outcrop,Obligate seeder*,
Lamiaceae,Prostanthera saxicola,Rocky outcrop,Obligate seeder,Y
Lamiaceae,Prostanthera scutellarioides,Rocky outcrop/shrubby open forest,Obligate seeder,Y
Lamiaceae,Prostanthera staurophylla,Rocky outcrop,Obligate seeder,Y
Myrtaceae,Babingtonia densifolia,Rocky outcrop,Resprouts,N
Myrtaceae,Babingtonia odontocalyx,Rocky outcrop,Obligate seeder,Y
Myrtaceae,Baeckea omissa,Wet heath,Resprouts,N
Myrtaceae,Callistemon flavovirens,Shrubby open forest,Resprouts,
Myrtaceae,Callistemon linearis,Shrubby open forest,Resprouts,
Myrtaceae,Callistemon pallidus,Wet heath,Resprouts,
Myrtaceae,Callistemon pityoides,Wet heath,Resprouts,N
Myrtaceae,Callistemon pungens,Shrubby open forest,Resprouts,Y
Myrtaceae,Callistemon sieberi,Wet heath,Resprouts,
Myrtaceae,Callistemon sp. nov.,Rocky outcrop,Obligate seeder*,
Myrtaceae,Callistemon sp. aff. flavovirens,Shrubby open forest,Resprouts,Y
Myrtaceae,Calytrix tetragona,Rocky outcrop,Obligate seeder,N
Myrtaceae,Homoranthus lunatus,Rocky outcrop,Obligate seeder,Y
Myrtaceae,Homoranthus binghiensis,Rocky outcrop,Obligate seeder,Y
Myrtaceae,Kunzea bracteolata,Rocky outcrop,Obligate seeder,Y
Myrtaceae,Kunzea obovata,Rocky outcrop,Structure,
Myrtaceae,Leptospermum arachnoides,Wet heath,Resprouts,
Myrtaceae,Leptospermum brevipes,Rocky outcrop/shrubby open forest,Resprouts,
Myrtaceae,Leptospermum gregarium,Wet heath,Resprouts,
Myrtaceae,Leptospermum minutifolium,Wet heath/shrubby open forest,Resprouts,
Myrtaceae,Leptospermum novae-angliae,Rocky outcrop/shrubby open forest,Resprouts,S
Myrtaceae,Leptospermum polygalifolium ssp. transmontanum,Wet heath,Resprouts,
Myrtaceae,Leptospermum trinervium,Shrubby open forest,Resprouts,
Myrtaceae,Micromyrtus sessilis,Rocky outcrops,Resprouts/variable,
Olacaceae,Olax stricta,Shrubby open forest/rocky outcrops,Resprouts,
Oleaceae,Notelaea linearis,Forest,Resprouts,
Oleaceae,Notelaea microcarpa var. microcarpa,Forest,Resprouts,
Pittosporaceae,Bursaria spinosa ssp. spinosa,Grassy open forest,Resprouts,N
Pittosporaceae,Rhytidosporum procumbens,Grassy open forest,Resprouts,
Pittosporaceae,Rhytidosporum procumbens (heath ecotype),Wet heath,Obligate seeder,
Proteaceae,Banksia spinulosa ssp. neoangica,Shrubby open forest/wet heath,Resprouts,Y
Proteaceae,Banksia integrifolia ssp. monticola,Shrubby open forest/grassy open forest,Resprouts,
Proteaceae,Banksia marginata,Wet heath,Obligate seeder,Y
Proteaceae,Conospermum taxifolium,Shrubby open forest,Resprouts,N
Proteaceae,Grevillea acerata,Wet heath/shrubby open forest,Resprouts,
Proteaceae,Grevillea beadleana,Rocky outcrop/shrubby open forest,Obligate seeder,Y
Proteaceae,Grevillea juniperina ssp. allojohnsonii,Shrubby open forest,Resprouts,
Proteaceae,Grevillea scortechinii ssp. sarmentosa,Shrubby open forest,Obligate seeder*,
Proteaceae,Grevillea triternata,Shrubby open forest,Resprouts,
Proteaceae,Grevillea viridiflava,Shrubby open forest,Resprouts,N
Proteaceae,Hakea eriantha,Grassy open forest,Obligate seeder*,
Proteaceae,Hakea laevipes ssp. graniticola,Shrubby open forest,Resprouts,N
Proteaceae,Hakea macrorrhyncha,Rocky outcrop/shrubby open forest,Obligate seeder,Y
Proteaceae,Hakea microcarpa,Wet heath,Resprouts,Y
Proteaceae,Isopogon petiolaris,Shrubby open forest,Resprouts,
Proteaceae,Lomatia fraseri,Shrubby open forest,Resprouts,N
Proteaceae,Lomatia silaifolia,Shrubby open forest,Resprouts,N
Proteaceae,Persoonia cornifolia,Shrubby open forest,Resprouts,N
Proteaceae,Persoonia fastigiata,Shrubby open forest,Resprouts,
Proteaceae,Persoonia rufa,Wet heath/shrubby open forest,Obligate seeder,
Proteaceae,Persoonia tenuifolia,Shrubby open forest,Resprouts,
Proteaceae,Persoonia terminalis ssp. terminalis,Rocky outcrop,Obligate seeder,N
Proteaceae,Petrophile canescens,Shrubby open forest,Resprouts,N
Rhamnaceae,Cryptandra amara (grassland ecotype),Grassy open forest,Resprouts,N
Rhamnaceae,Cryptandra amara var. longflora,Grassy open forest,Resprouts,
Rhamnaceae,Cryptandra lanosiflora,Rocky outcrop,Obligate seeder,
Rhamnaceae,Cryptandra scortechinii,Shrubby open forest,Resprouts,
Rhamnaceae,Discaria pubescens,Shrubby open forest/grassy open forest,Obligate seeder*,
Rhamnaceae,Pomaderris eriocephala,Grassy open forest,Resprouts*,
Rosaceae,Rubus parvifolius,Grassy open forest,Resprouts,
Rutaceae,Boronia algida,Shrubby open forest,Resprouts,
Rutaceae,Boronia anethifolia (local ecotype),Rocky outcrop,Obligate seeder*,
Rutaceae,Boronia bipinnata,Rocky outcrop,Obligate seeder*,
Rutaceae,Boronia granitica,Rocky outcrop,Obligate seeder,S
Rutaceae,Boronia whitei,Shrubby open forest,Resprouts,N
Rutaceae,Boronia microphylla,Shrubby open forest/wet heath,Resprouts,N
Rutaceae,Boronia polygalifolia,Shrubby open forest/wet heath,Resprouts,
Rutaceae,Correa reflexa (green perianth),Grassy open forest,Resprouts,
Rutaceae,Correa reflexa (red perianth),Shrubby open forest,Obligate seeder,S
Rutaceae,Leionema ambiens,Rocky outcrop,Obligate seeder,
Rutaceae,Leionema rotundifolium,Rocky outcrop,Obligate seeder,S
Rutaceae,Phebalium glandulosum ssp. eglandulosum,Rocky outcrop,Obligate seeder,S
Rutaceae,Philotheca myoporoides ssp. epilosus,Rocky outcrop,Obligate seeder,S
Rutaceae,Zieria aspalathoides,Rocky outcrop,Obligate seeder,
Rutaceae,Zieria cytisoides,Grassy open forest,Resprouts*,
Rutaceae,Zieria laevigata,Rocky outcrop,Obligate seeder,S
Sapindaceae,Dodonaea boroniifolia,Shrubby open forest,Resprouts*,
Sapindaceae,Dodonaea hirsuta,Rocky outcrop,Obligate seeder,S
Sapindaceae,Dodonaea sp. aff. triquetra,Rocky outcrop/shrubby open forest,Resprouts,
Sapindaceae,Dodonaea triquetra,Shrubby open forest/grassy open forest,Resprouts,N
Sapindaceae,Dodonaea viscosa ssp. viscosa,Shrubby open forest/grassy open forest,Resprouts,
Thymelaeaceae,Pimelea curviflora var. divergens,Grassy open forest,Resprouts,N
Thymelaeaceae,Pimelea linifolia ssp. collina,Wet heath,Obligate seeder,
Thymelaeaceae,Pimelea linifolia ssp. linifolia,Shrubby open forest/grassy open forest,Resprout,
Xanthorrhoeaceae,Xanthorrhoea glauca ssp. glauca,Shrubby open forest/wet heath,Resprouts,
Xanthorrhoeaceae,Xanthorrhoea johnsonii,Shrubby open forest,Resprouts,
Zamiaceae,Macrozamia plurinervia,Shrubby open forest,Resprouts,
