,VR,FA,VS,BL,BT,PD,PS,DM,HR,NF,SR,FP,CS,PJ,SJ,PL,TR
Acaclong,o,n,nd,x,x,l,s,f,h,9,.,n,m,.,x,3,f
Acacmyrt,o,n,nd,x,x,l,s,f,h,4,.,n,m,3(3-5),x,2,f
Acacrubi,o,n,nd,x,x,l,s,f,.,.,.,n,m,.,x,3,f
Acacsuav,o,n,nd,x,x,l,s,f,h,3,.,f,m,3(2-5),x,2,f
Acacterm,o,n,nd,x,x,l,s,f,h,14,.,n,m,4,x,2,f
Actiminu,o,n,nd,s,d,l,s,f,.,.,.,n,g,>5,1,3,f
Allopalu,r,n,nd,s,d,l,c,x,x,x,v,n,m,.,.,4,f
Almapalu,o,n,nd,x,x,l,s,f,.,.,.,n,m,2(1-5),x,2,f
Aotueric,r,n,nd,s,d,l,s,f,l,17,.,n,m,>5,3,4,f
Ariswarb,r,n,cd,s,a,l,.,.,.,.,.,n,g,.,.,5,f
Baecbrev,o,n,nd,x,x,l,s,f,.,.,.,n,m,.,x,3,f
Baecimbr,r,n,nd,s,d,l,s,f,.,.,.,n,m,>7,2,4,f
Baeclini,r,n,nd,s,d,l,s,f,.,.,.,n,m,>7,.,4,f
Bankeric,o,a,nd,x,x,l,c,x,x,x,l,n,t,6(5-10),x,3,f
Bankoblo,r,n,nd,s,d,l,c,x,x,x,l,n,m,>17,2,4,f
Bankpalu,r,n,nd,s,d,l,c,x,x,x,l,n,m,>7,4,4,f
Bankrobu,r,n,nd,s,d,l,c,x,x,x,l,n,m,>17,2,4,f
Bauemicr,r,n,nd,s,d,l,s,f,.,.,.,n,g,4(3-4),.,3,f
Baumacut,r,n,i,s,a,l,.,.,.,.,.,f,g,.,1,5,f
Baumgunn,r,n,i,s,a,l,.,.,.,.,.,f,m,.,.,5,f
Baumrubi,r,n,i,s,a,l,.,.,.,.,.,e,m,.,2,5,f
Baumtere,r,n,i,s,a,l,.,.,.,.,.,e,m,.,1,5,f
Blannobi,r,n,nd,s,a,l,n,x,x,x,x,e,g,.,1,3,f
Blecnudu,r,n,i,s,d,w,n,x,x,x,x,n,m,.,.,5,f
Boroparv,r,n,nd,s,d,l,s,f,.,.,.,n,g,>5(4-?),1,3,f
Brunpumi,r,n,nd,s,d,l,.,.,.,.,.,f,g,.,1,2,f
Burcumbe,r,n,nd,s,a,l,n,x,x,x,x,f,g,.,1,3,f
Caesparv,r,n,nd,s,a,l,n,x,x,x,x,f,g,.,1,3,f
Callcitr,r,n,nd,s,d,l,c,x,x,x,v,n,m,.,.,4,f
Calodubi,r,n,i,s,d,w,n,x,x,x,x,n,m,.,.,5,f
Cassglab,o,n,nd,x,x,l,s,f,.,0,.,n,m,2,x,5,f
Chorcymb,r,n,i,s,a,l,.,.,.,.,.,e,m,.,.,5,f
Chorspha,r,n,i,s,a,l,.,.,.,.,.,e,m,.,1,5,f
Comedefo,r,n,nd,s,d,l,s,f,.,.,.,n,g,>1,1,3,f
Comeretu,r,n,nd,s,d,l,s,f,.,.,.,n,m,>6,5,3,f
Conoelli,r,n,nd,s,d,l,s,f,.,.,.,n,m,.,.,3,f
Conotaxi,r,n,nd,s,d,l,s,f,.,.,.,n,m,4,.,3,f
Coryford,r,n,cd,s,d,l,n,x,x,x,x,f,g,.,1,5,f
Cryperic,o,n,nd,x,x,l,s,f,.,.,.,n,m,3(2-?),x,3,f
Crypsubu,r,n,cd,s,d,l,n,x,x,x,x,n,g,.,.,5,f
Cyatdian,r,n,cd,s,a,l,.,.,.,.,.,e,m,.,1,5,f
Dampstri,r,n,i,s,d,l,s,f,.,.,.,n,g,.,1,5,f
Darwfasc,o,n,nd,x,x,l,s,f,.,0,.,n,m,.,x,3,f
Darwgran,r,n,cd,s,d,l,s,f,.,.,.,n,g,.,.,5,f
Deyedeci,r,n,cd,s,a,l,.,.,.,.,.,e,g,.,1,5,f
Deyequad,r,n,cd,s,a,l,s,f,.,2,.,f,g,.,.,5,f
Dillflor,o,n,nd,x,x,l,s,f,l,12,.,n,m,3(2-6),x,2,f
Drosbina,r,n,i,s,d,l,n,x,x,x,x,e,g,.,1,5,f
Drospelt,r,n,nd,s,d,l,n,x,x,x,x,n,g,.,2,3,f
Drospygm,r,n,nd,s,d,l,n,x,x,x,x,n,g,.,1,3,f
Drosspat,r,n,nd,s,d,l,n,x,x,x,x,n,g,.,1,3,f
Eleospha,r,n,i,s,a,l,.,.,.,.,.,f,m,.,1,5,f
Empominu,r,n,i,s,a,l,.,.,.,.,.,n,m,.,1,5,f
Entostri,r,n,cd,s,a,l,.,.,.,.,.,n,m,.,1,5,f
Epacmicr,o,n,nd,x,x,l,s,f,.,.,.,n,m,5(3-6),x,2,f
Epacobtu,o,n,nd,x,x,l,s,f,l,15,.,n,m,3(1-5),x,2,f
Epacpalu,r,n,nd,s,d,l,s,f,.,.,.,n,m,5(4-?),1,4,f
Eriaglab,r,n,cd,s,a,l,.,.,.,.,.,n,g,.,1,5,f
Eucahaem,r,a,nd,e,d,l,c,x,x,x,c,n,t,.,.,4,f
Eucagumm,r,a,nd,e,d,l,c,x,x,x,c,n,t,.,.,4,f
Euphcols,o,n,nd,x,x,l,.,.,.,.,.,n,g,.,.,2,f
Gahnsieb,r,n,cd,s,a,l,s,f,h,0,.,f,m,.,3,5,f
Gleidica,r,n,i,s,d,w,n,x,x,x,x,n,m,.,.,5,f
Gleimicr,r,n,i,s,d,w,n,x,x,x,x,n,m,.,.,5,f
Glosmino,r,n,nd,s,d,l,n,x,x,x,x,f,g,.,.,3,f
Gonomicr,o,n,nd,x,x,l,s,f,.,0,.,e,g,1(1-2),x,1,f
Gonosals,o,n,nd,x,x,l,s,f,.,.,.,f,g,2(1-3),x,2,f
Gonotetr,r,n,i,s,d,l,s,.,.,.,.,n,g,.,2,5,f
Gonoteuc,o,n,nd,x,x,l,s,f,.,.,.,n,m,3(2-4),x,2,f
Goodbell,r,n,nd,s,d,l,s,f,.,.,.,f,g,4,2,3,f
Gooddimo,r,n,nd,s,d,l,s,f,.,3,.,f,g,>6(2-?),1,3,f
Grevoleo,r,n,i,s,d,l,s,.,.,.,.,n,m,.,4,5,f
Grevparv,o,n,nd,x,x,l,s,f,.,.,.,n,m,.,x,3,f
Gymnspha,r,n,cd,s,a,l,.,.,.,.,.,n,m,.,1,5,f
Haemcory,r,n,nd,s,a,l,n,x,x,x,x,f,g,.,2,3,f
Hakedacm,r,n,nd,s,d,l,c,x,x,x,v,n,m,.,4,4,f
Haketerm,r,n,nd,s,d,l,c,x,x,x,v,n,m,>7(5-?),3,4,f
Haketers,o,a,nd,x,x,l,c,x,x,x,v,n,t,6(2-7),x,3,f
Hemaunic,r,n,cd,s,a,l,.,.,.,.,.,f,m,.,1,5,f
Hibbripa,r,n,nd,s,d,l,s,.,.,.,.,n,m,.,.,4,f
Hibbserp,r,n,nd,s,d,l,s,.,.,.,.,n,m,.,2,4,f
Hypegram,r,n,nd,s,d,l,.,.,.,.,.,f,g,.,1,2,f
Hypohygr,r,n,nd,s,a,l,.,.,.,.,.,f,g,.,1,3,f
Hypofast,r,n,i,s,a,l,.,.,.,.,.,n,m,.,.,5,f
Isopanem,r,n,nd,s,d,l,c,x,x,x,v,n,m,>7,2,4,f
Juncplan,r,n,cd,s,a,l,n,x,x,x,x,n,g,.,.,5,f
Kunzcapi,r,n,nd,s,d,l,s,f,h,36,.,n,m,.,2,4,f
Lambform,r,n,nd,s,d,l,c,x,x,x,c,f,m,.,2,4,f
Lepifili,r,n,cd,s,a,l,.,.,.,.,.,n,m,.,.,5,f
Lepiflex,r,n,cd,s,a,l,.,.,.,.,.,n,m,.,.,5,f
Lepifors,r,n,cd,s,a,l,.,.,.,.,.,f,m,.,1,5,f
Lepilimi,r,n,i,s,a,l,.,.,.,.,.,f,m,.,1,5,f
Lepinees,r,n,i,s,a,l,.,.,.,.,.,f,m,.,2,5,f
Leptacid,o,n,nd,x,x,w,.,.,.,.,.,n,m,.,x,3,f
Leptarac,r,n,nd,s,d,l,c,x,x,x,c,n,m,.,.,4,f
Leptcont,r,n,nd,s,d,l,c,x,x,x,c,n,m,.,2,4,f
Leptgran,r,n,nd,s,d,l,c,x,x,x,c,n,m,.,3,4,f
Leptjuni,r,n,nd,s,d,l,c,x,x,x,c,n,m,>7,2,4,f
Leptpoly,r,n,nd,s,d,l,c,x,x,x,c,n,m,.,.,4,f
Leptsqua,o,n,nd,x,x,l,c,x,x,x,v,n,m,.,x,3,f
Lepttrin,r,a,nd,e,d,l,n,x,x,x,x,f,m,.,2,4,f
Lepttena,r,n,i,s,a,l,s,.,.,.,.,n,m,.,1,5,f
Lepyanar,r,n,i,s,a,l,s,.,.,.,.,f,m,.,1,5,f
Lepygrac,r,n,i,s,a,l,s,.,.,.,.,f,m,.,.,5,f
Lepyscar,r,n,i,s,a,l,s,.,.,.,.,f,m,.,1,5,f
Leucesqu,o,n,nd,x,x,l,s,f,.,0,.,n,m,.,x,2,f
Leucmicr,o,n,nd,x,x,l,s,f,.,.,.,n,m,4,x,2,f
Lindline,r,n,cd,s,d,w,n,x,x,x,x,n,g,.,.,5,f
Lomacyli,r,n,cd,s,a,l,s,.,.,.,.,f,g,.,1,5,f
Lomafilc,r,n,cd,s,a,l,s,.,.,.,.,f,g,.,.,5,f
Lomafilf,r,n,cd,s,a,l,s,.,.,.,.,f,g,.,1,5,f
Lomaobli,r,n,cd,s,d,l,s,.,.,.,.,f,g,.,.,5,f
Lomasila,r,n,nd,s,d,l,n,x,x,x,x,e,m,.,1,4,f
Lycolate,r,n,cd,s,d,w,n,x,x,x,x,n,g,.,.,5,f
Melalina,r,a,nd,e,d,l,c,x,x,x,c,n,t,.,.,4,f
Melasqum,o,n,nd,x,x,l,c,x,x,x,v,n,m,.,x,3,f
Melasqur,r,n,nd,e,d,l,c,x,x,x,c,n,t,.,3,4,f
Melathym,r,n,nd,s,d,l,c,x,x,x,c,n,m,.,.,4,f
Micrstip,r,n,cd,s,a,l,.,.,.,.,.,f,g,.,1,5,f
Mirbrubi,o,n,nd,x,x,l,s,f,.,.,.,n,g,3(1-3),x,2,f
Mirbspec,o,n,nd,x,x,l,s,f,.,.,.,n,g,.,x,2,f
Mitrpalu,o,n,nd,x,x,l,s,f,.,.,.,n,g,4(2-5),x,2,f
Mitrpoly,r,n,nd,s,d,l,s,f,.,.,.,n,g,5(4-6),1,2,f
Monolini,r,n,nd,s,d,l,.,.,.,.,.,n,g,.,2,2,f
Opervari,o,n,nd,x,x,l,s,f,.,5,.,n,g,2(1-5),x,2,f
Orthstri,r,n,nd,s,d,l,n,x,x,x,x,f,g,.,.,3,f
Pateaffr,r,n,cd,s,a,l,n,x,x,x,x,f,g,.,1,5,f
Pateseri,r,n,cd,s,a,l,n,x,x,x,x,f,g,.,.,5,f
Perslanc,o,n,nd,x,x,l,s,n,.,.,.,n,m,>6,x,3,f
Perslevi,r,a,nd,e,d,l,s,n,.,.,.,n,m,.,.,4,f
Perspini,o,n,nd,x,x,l,s,n,.,0,.,n,m,.,x,3,f
Petrpulc,o,n,nd,x,x,l,c,x,x,x,v,n,m,6(4-9),x,3,f
Phebdios,o,n,nd,x,x,l,s,f,.,.,.,n,m,.,x,3,f
Phraaust,r,n,i,s,a,w,.,.,.,.,.,n,m,.,.,5,f
Pimelini,o,n,nd,x,x,l,s,f,h,0,.,n,m,4(2-6),x,2,f
Plinpara,r,n,cd,s,a,l,.,.,.,.,.,n,g,.,1,5,f
Prasaust,r,n,nd,s,d,l,n,x,x,x,x,e,m,.,1,3,f
Prasbrev,r,n,nd,s,d,l,n,x,x,x,x,e,m,.,1,3,f
Prosline,o,n,nd,x,x,l,.,.,.,.,.,n,m,.,x,3,f
Pseuorie,o,n,nd,x,x,l,.,.,.,.,.,n,m,.,x,3,f
Pterescu,r,n,i,s,d,w,n,x,x,x,x,n,m,.,.,5,f
Pterparv,r,n,nd,s,d,l,n,x,x,x,x,f,g,.,1,3,f
Ptildeus,r,n,cd,s,a,l,.,.,.,.,.,e,g,.,1,5,f
Pultaris,o,n,nd,x,x,l,s,f,.,.,.,n,m,.,x,2,f
Pultdiva,r,n,nd,s,d,l,s,f,.,.,.,n,m,.,3,4,f
Pultelli,r,n,nd,s,d,l,s,f,.,.,.,n,m,.,2,4,f
Restcomp,r,n,i,s,a,l,s,.,.,.,.,n,m,.,1,5,f
Restfast,r,n,i,s,a,l,.,.,.,.,.,n,m,.,.,5,f
Restgrac,r,n,i,s,a,l,.,.,.,.,.,n,m,.,.,5,f
Schibifi,r,n,cd,s,d,w,n,x,x,x,x,n,g,.,.,5,f
Schobrev,r,n,i,s,a,l,.,.,.,.,.,f,m,.,1,5,f
Schoeric,r,n,cd,s,a,l,.,.,.,.,.,n,m,.,.,5,f
Schomasc,r,n,cd,s,a,l,.,.,.,.,.,n,g,.,.,5,f
Schopach,r,n,cd,s,a,l,.,.,.,.,.,f,m,.,1,5,f
Schopalu,r,n,cd,s,a,l,.,.,.,.,.,f,g,.,1,5,f
Selaulig,r,n,cd,s,d,w,n,x,x,x,x,n,g,.,.,5,f
Senehisd,o,n,nd,x,x,w,.,.,.,.,.,n,m,.,x,2,f
Sowejunc,r,n,cd,s,a,l,n,x,x,x,x,f,g,.,1,5,f
Sphavimi,o,n,nd,x,x,l,s,f,h,36,.,n,g,2(1-5),x,2,f
Spreinca,o,n,nd,x,x,l,s,f,h,33,.,n,m,3(2-5),x,2,f
Stacnuda,r,n,nd,s,d,l,s,f,.,.,.,n,g,.,.,3,f
Stylline,r,n,nd,s,d,l,s,f,.,.,.,f,g,.,2,3,f
Symppalu,o,n,nd,x,x,l,s,f,.,.,.,n,m,4(2-5),x,2,f
Tetrcapi,r,n,cd,s,a,l,.,.,.,.,.,f,m,.,1,5,f
Tetrturf,r,n,cd,s,a,l,.,.,.,.,.,n,m,.,1,5,f
Thelcaes,r,n,cd,s,a,l,.,.,.,.,.,n,m,.,.,5,f
Thelumbe,r,n,cd,s,a,l,.,.,.,.,.,n,g,.,.,5,f
Thysjunc,r,n,nd,s,d,l,n,x,x,x,x,f,g,.,1,3,f
Tricpauc,r,n,cd,s,a,l,.,.,.,.,.,n,g,.,.,5,f
Tricsimp,r,n,nd,s,a,l,n,x,x,x,x,f,g,.,1,3,f
Utridich,r,n,cd,s,d,l,.,.,.,.,.,f,g,.,1,5,f
Utrilate,r,n,cd,s,d,l,.,.,.,.,.,f,g,.,.,5,f
Villexal,r,n,i,s,d,l,n,x,x,x,x,e,g,.,1,5,f
Vimijunc,o,n,nd,x,x,l,s,f,h,2,.,n,m,>5,x,2,f
Violsieb,r,n,cd,s,d,l,s,f,.,.,.,n,g,.,.,3,f
Xantresi,r,n,nd,s,a,l,n,x,x,x,x,e,m,.,1,4,f
Xantdiss,r,n,nd,s,d,l,s,f,.,.,.,n,g,>5(2-?),1,2,f
Xanttrid,o,n,nd,x,x,l,s,f,.,.,.,n,m,5(4-6),x,2,f
Xyrigral,r,n,cd,s,a,l,s,.,.,3,.,f,g,.,1,5,f
Xyrijunc,r,n,cd,s,a,l,s,.,.,.,.,f,g,.,1,5,f
Xyrioper,r,n,cd,s,a,l,s,.,.,.,.,f,m,.,1,5,f
Xyriustu,r,n,cd,s,a,l,s,.,.,.,.,f,m,.,1,5,f
